Your selection for all Hospitals found 127 providers .,,,,,,,,,,,,,,,,,,,,,,,,,,,,,,,,,,,,,,,,,,,,,,,,,,,,,
HFID,NAME,ADDRESS,CITY,STATE,ZIP,COUNTY_CODE,COUNTY_NAME,TELEPHONE,FAX,ADMINISTRATOR/AUTHORIZED AGENT,LIC_TYPE,HOSP_BEDS,BASS_BEDS,PSY_HOSP_BEDS,NH_BEDS,BCH_BEDS,SLFA_BEDS,SLFB_BEDS,OTHER_BEDS,HCP_TYPE,HWS,HWS_TYPE,OPS,HOSP18_BEDS,CAH,DEEMED,SWING,PSY18_BEDS,SNF_BEDS,SNFNF_BEDS,NF1_BEDS,NF2_BEDS,ICFMR_BEDS,HHA,HOSPICE,CMHC,CORF,ESRD,ASC,PPSP,PPSR,REHAB,RHC,XRAY,BLSS,MOBHES,BC,ICFMR,HCBS_PRV,SE_PRV,SNSA_PRV,ALL_PROV,ALL_CAPACITY
242,ABBOTT NORTHWESTERN HOSPITAL,800 EAST 28TH STREET,MINNEAPOLIS,MN,55407,27,HENNEPIN,612-863-4000,612-863-5667,ANN MADDEN RICE,NONPROFIT CORPORATION,972,44,0,0,0,0,0,0,,,,,933,,Provider Has Deemed Status,,0,0,0,0,0,0,,,,,,,,Prospective Payment System Rehabilitation,,,,,,,,N,N,,,0
569,ALLINA HEALTH FARIBAULT MC,200 STATE AVENUE,FARIBAULT,MN,55021,66,RICE,507-497-3733,507-332-4848,MICHAEL JOHNSTON,NONPROFIT CORPORATION,49,10,0,0,0,0,0,0,,,,,49,,Provider Has Deemed Status,,0,0,0,0,0,0,,,,,,,,,,,,,,,,N,N,,,0
111,ALOMERE HEALTH,111 17TH AVENUE EAST,ALEXANDRIA,MN,56308,21,DOUGLAS,320-762-6021,320-762-6120,CARL VAAGENES,COUNTY,127,14,0,0,0,0,0,0,,,,,127,,Provider Has Deemed Status,,0,0,0,0,0,0,,,,,,,,,,,,,,,,N,N,,,0
655,APPLETON AREA HEALTH,30 SOUTH BEHL STREET,APPLETON,MN,56208,76,SWIFT,320-289-8508,320-289-1585,JEANMARIE GOLDEN,CITY,15,1,0,50,0,0,0,0,,,,,0,Medicare Certified Critical Access Hospital,,Medicare Certified Swing Bed,0,0,50,0,0,0,,,,,,,,,,,,,,,,N,N,,,0
725,AVERA GRANITE FALLS,345 10TH AVENUE,GRANITE FALLS,MN,56241,87,YELLOW MEDICINE,320-564-6201,320-313-3396,MR. TOM KOOIMAN,NONPROFIT CORPORATION,30,3,0,0,0,0,0,0,,,,,0,Medicare Certified Critical Access Hospital,,Medicare Certified Swing Bed,0,0,0,0,0,0,,,,,,,,,,,,,,,,N,N,,,0
343,AVERA MORNINGSIDE HEIGHTS,300 SOUTH BRUCE STREET,MARSHALL,MN,56258,42,LYON,507-532-9661,507-537-9053,MS. MARY SWANSON,NONPROFIT CORPORATION,49,8,0,76,0,0,0,0,,,,,0,Medicare Certified Critical Access Hospital,Provider Has Deemed Status,Medicare Certified Swing Bed,0,0,76,0,0,0,,,,,,,Prospective Payment System Psychiatric,,,,,,,,,N,N,,,0
338,AVERA TYLOR,240 WILLOW STREET,TYLER,MN,56178,41,LINCOLN,507-247-5521,507-247-2239,MR. ALLEN ANDERSON,NONPROFIT CORPORATION,20,1,0,30,0,0,0,0,,,,,0,Medicare Certified Critical Access Hospital,,Medicare Certified Swing Bed,0,0,30,0,0,0,,,,,,,,,,,,,,,,N,N,,,0
300,BIGFORK VALLEY HOSPITAL,258 PINE TREE DRIVE,BIGFORK,MN,56628,31,ITASCA,218-743-3177,218-743-3559,MR. AARON SAUDE,HOSPITAL DISTRICT OR AUTHORITY,20,4,0,0,0,0,0,0,,,,,0,Medicare Certified Critical Access Hospital,,Medicare Certified Swing Bed,0,0,0,0,0,0,,,,,,,,,,,,,,,,N,N,,,0
860,BUFFALO HOSPITAL,303 CATLIN STREET,BUFFALO,MN,55313,86,WRIGHT,763-632-1212,763-684-7105,KELLY SPRATT,NONPROFIT CORPORATION,65,18,0,0,0,0,0,0,,,,,65,,Provider Has Deemed Status,,0,0,0,0,0,0,,,,,,,,,,,,,,,,N,N,,,0
295,CAMBRIDGE MEDICAL CENTER,701 SOUTH DELLWOOD STREET,CAMBRIDGE,MN,55008,30,ISANTI,763-689-7700,763-688-7941,KELLY SPRATT,NONPROFIT CORPORATION,86,15,0,0,0,0,0,0,,,,,86,,Provider Has Deemed Status,,0,0,0,0,0,0,,,,,,,,,,,,,,,,N,N,,,0
316,CARRIS HEALTH LLC,301 BECKER AVENUE SW,WILLMAR,MN,56201,34,KANDIYOHI,320-235-4543,320-231-4869,MICHAEL SCHRAMM,OTHER NONPROFIT OWNERSHIP,136,20,0,0,0,0,0,0,,,,,128,,Provider Has Deemed Status,,0,0,0,0,0,0,,,,,,,,,,,,,,,,N,N,,,0
545,CARRIS HEALTH REDWOOD LLC,101 CARING WAY,REDWOOD FALLS,MN,56283,64,REDWOOD,507-637-4500,507-637-6000,CARNIE ALLEX,OTHER NONPROFIT OWNERSHIP,25,6,0,0,0,0,0,0,,,,,0,Medicare Certified Critical Access Hospital,,Medicare Certified Swing Bed,0,0,0,0,0,0,,,,,,,,,,,,,,,,N,N,,,0
60,CCM HEALTH,824 NORTH 11TH STREET,MONTEVIDEO,MN,56265,12,CHIPPEWA,320-269-8877,320-321-8200,MR. BRIAN LOVDAHL,CITY-COUNTY,30,6,0,0,0,0,0,0,,,,,0,Medicare Certified Critical Access Hospital,,Medicare Certified Swing Bed,0,0,0,0,0,0,,,,,,,,,,,,,,,,N,N,,,0
33211,CENTRACARE HEALTH LONG PRAIRIE,50 CENTRACARE DRIVE,LONG PRAIRIE,MN,56347,77,TODD,320-732-2141,320-732-7298,MR. DANIEL SWENSON,NONPROFIT CORPORATION,34,10,0,0,0,0,0,0,,,,,0,Medicare Certified Critical Access Hospital,,Medicare Certified Swing Bed,0,0,0,0,0,0,,,,,,,,,,,,,,,,N,N,,,0
717,CENTRACARE HEALTH MONTICELLO,1013 HART BOULEVARD,MONTICELLO,MN,55362,86,WRIGHT,763-271-2371,763-271-2459,MS JENNIFER SMOLEN,OTHER NONPROFIT OWNERSHIP,39,12,0,89,0,0,0,0,,,,,0,Medicare Certified Critical Access Hospital,Provider Has Deemed Status,Medicare Certified Swing Bed,0,0,89,0,0,0,,,,,,,Prospective Payment System Psychiatric,,,,,,,,,N,N,,,0
37799,CENTRACARE HEALTH PAYNESVILLE,200 WEST 1ST STREET,PAYNESVILLE,MN,56362,73,STEARNS,320-243-3767,320-243-6707,BRANDON PIETSCH,NONPROFIT CORPORATION,30,6,0,0,0,0,0,0,,,,,0,Medicare Certified Critical Access Hospital,,Medicare Certified Swing Bed,0,0,0,0,0,0,,,,,,,,,,,,,,,,N,N,,,0
633,CENTRACARE HEALTH SYS MELROSE,525 MAIN STREET WEST,MELROSE,MN,56352,73,STEARNS,320-256-4231,320-256-4476,BRYAN BAUCK,NONPROFIT CORPORATION,28,6,0,75,0,0,0,0,,,,,0,Medicare Certified Critical Access Hospital,,Medicare Certified Swing Bed,0,0,75,0,0,0,,,,,,,,,,,,,,,,N,N,,,0
640,CENTRACARE HEALTH SYSTEM,425 NORTH ELM STREET,SAUK CENTRE,MN,56378,73,STEARNS,320-352-2221,320-352-5150,MR. DELANO CHRISTIANSON,NONPROFIT CORPORATION,28,8,0,60,0,0,0,0,,,,,0,Medicare Certified Critical Access Hospital,,Medicare Certified Swing Bed,0,0,60,0,0,0,,,,,,,,,,,,,,,,N,N,,,0
741,CHILDRENS HOSP & CLINICS MN,2525 CHICAGO AVENUE SOUTH,MINNEAPOLIS,MN,55404,27,HENNEPIN,612-813-6112,612-813-6807,DR. MARK GORELICK,NONPROFIT CORPORATION,279,196,0,0,0,0,0,0,,,,,279,,Provider Has Deemed Status,,0,0,0,0,0,0,,,,,,,,,,,,,,,,N,N,,,0
48,COMMUNITY MEMORIAL HOSPITAL,512 SKYLINE BOULEVARD,CLOQUET,MN,55720,9,CARLTON,218-879-4641,218-879-9167,MR. RICHARD BREUER,NONPROFIT CORPORATION,36,6,0,44,0,0,0,0,,,,,0,Medicare Certified Critical Access Hospital,,Medicare Certified Swing Bed,0,0,44,0,0,0,,,,,,,,,,,,,,,,N,N,,,0
586,COOK HOSPITAL,10 5TH STREET SE,COOK,MN,55723,69,SAINT LOUIS,218-666-5945,218-666-6238,MS. TERESA DEBEVEC,HOSPITAL DISTRICT OR AUTHORITY,14,0,0,28,0,0,0,0,,,,,0,Medicare Certified Critical Access Hospital,,Medicare Certified Swing Bed,0,0,28,0,0,0,,,,,,,,,,,,,,,,N,N,,,0
91,CUYUNA REGIONAL MEDICAL CENTER,320 EAST MAIN STREET,CROSBY,MN,56441,18,CROW WING,218-546-2306,218-546-2383,MS. DAREN RIFE,NONPROFIT CORPORATION,42,7,0,69,0,0,0,0,,,,,0,Medicare Certified Critical Access Hospital,Provider Has Deemed Status,Medicare Certified Swing Bed,0,0,69,0,0,0,,,,,,,,,,,,,,,,N,N,,,0
296,DEER RIVER HEALTH CARE CENTER,115 10TH AVENUE NE,DEER RIVER,MN,56636,31,ITASCA,218-246-4200,218-246-4502,MS. MARSHA GREEN,NONPROFIT CORPORATION,20,6,0,32,0,0,0,0,,,,,0,Medicare Certified Critical Access Hospital,,Medicare Certified Swing Bed,0,0,32,0,0,0,,,,,,,,,,,,,,,,N,N,,,0
28259,ELY BLOOMENSON COMM HOSPITAL,328 WEST CONAN STREET,ELY,MN,55731,69,SAINT LOUIS,218-365-8765,833-490-1316,MS PATTI BANKS,NONPROFIT CORPORATION,21,0,0,0,0,0,0,0,,,,,0,Medicare Certified Critical Access Hospital,,Medicare Certified Swing Bed,0,0,0,0,0,0,,,,,,,,,,,,,,,,N,N,,,0
26485,ESSENTIA HEALTH ADA,201 9TH STREET WEST,ADA,MN,56510,54,NORMAN,218-784-5000,218-784-3855,MS. ERIN STOLTMAN,NONPROFIT CORPORATION,14,0,0,0,0,0,0,0,,,,,0,Medicare Certified Critical Access Hospital,,Medicare Certified Swing Bed,0,0,0,0,0,0,,,,,,,,,,,,,,,,N,N,,,0
596,ESSENTIA HEALTH DULUTH,502 EAST 2ND STREET,DULUTH,MN,55805,69,SAINT LOUIS,218-786-2652,218-786-5922,BRADLEY BEARD,NONPROFIT CORPORATION,165,0,0,0,0,0,0,0,,,,,121,,Provider Has Deemed Status,,0,0,0,0,0,0,,,,,,,,Prospective Payment System Rehabilitation,,,,,,,,N,N,,,0
461,ESSENTIA HEALTH FOSSTON,900 HILLIGOSS BOULEVARD SE,FOSSTON,MN,56542,60,POLK,218-435-1133,218-435-1134,MR. MICHAEL CURTIS,NONPROFIT CORPORATION,43,7,0,50,0,0,0,0,,,,,0,Medicare Certified Critical Access Hospital,,Medicare Certified Swing Bed,0,0,50,0,0,0,,,,,,,,,,,,,,,,N,N,,,0
27,ESSENTIA HEALTH HOLY TRINITY,115 WEST 2ND STREET,GRACEVILLE,MN,56240,6,BIG STONE,320-748-8200,320-748-7240,MS. JULIE ROSENBERG,NONPROFIT CORPORATION,15,0,0,0,0,0,0,0,,,,,0,Medicare Certified Critical Access Hospital,,Medicare Certified Swing Bed,0,0,0,0,0,0,,,,,,,,,,,,,,,,N,N,,,0
27650,ESSENTIA HEALTH MOOSE LAKE,4572 COUNTY ROAD 61,MOOSE LAKE,MN,55767,9,CARLTON,218-786-1367,218-485-5654,THOMAS WITT,NONPROFIT CORPORATION,25,4,0,0,0,0,0,0,,,,,0,Medicare Certified Critical Access Hospital,,Medicare Certified Swing Bed,0,0,0,0,0,0,,,,,,,,,,,,,,,,N,N,,,0
604,ESSENTIA HEALTH NORTHERN PINES,5211 HIGHWAY 110,AURORA,MN,55705,69,SAINT LOUIS,218-229-4222,218-229-4269,MS. LAURA ACKMAN,NONPROFIT CORPORATION,16,4,0,33,0,0,0,0,,,,,0,Medicare Certified Critical Access Hospital,,Medicare Certified Swing Bed,0,0,33,0,0,0,,,,,,,,,,,,,,,,N,N,,,0
453,ESSENTIA HEALTH SANDSTONE,705 LUNDORFF DRIVE,SANDSTONE,MN,55072,58,PINE,218-786-1367,320-245-5243,MR. MICHAEL YOUSO,NONPROFIT CORPORATION,30,5,0,0,0,0,0,0,,,,,0,Medicare Certified Critical Access Hospital,,Medicare Certified Swing Bed,0,0,0,0,0,0,,,,,,,,,,,,,,,,N,N,,,0
93,ESSENTIA HEALTH ST JOSEPHS MED,523 NORTH 3RD STREET,BRAINERD,MN,56401,18,CROW WING,218-829-2861,218-828-3103,"JON PRYOR, MD",NONPROFIT CORPORATION,162,15,0,0,0,0,0,0,,,,,162,,Provider Has Deemed Status,,0,0,0,0,0,0,,,,,,,,,,,,,,,,N,N,,,0
888,ESSENTIA HEALTH ST MARYS,1027 WASHINGTON AVENUE,DETROIT LAKES,MN,56501,3,BECKER,218-847-0888,218-847-7674,MR. PETER JACOBSON,NONPROFIT CORPORATION,87,16,0,0,0,0,0,0,,,,,87,,Provider Has Deemed Status,Medicare Certified Swing Bed,0,0,0,0,0,0,,,,,,,,,,,,,,,,N,N,,,0
600,ESSENTIA HEALTH ST. MARY'S MED,407 EAST 3RD STREET,DULUTH,MN,55805,69,SAINT LOUIS,218-786-3574,218-786-4888,JANICE SCHADE,NONPROFIT CORPORATION,380,46,0,0,0,0,0,0,,,,,380,,Provider Has Deemed Status,,0,0,0,0,0,0,,,,,,,,,,,,,,,,N,N,,,0
603,ESSENTIA HEALTH VIRGINIA,901 9TH STREET NORTH,VIRGINIA,MN,55792,69,SAINT LOUIS,218-741-3340,218-749-9427,MS. KRISTY JOHNSON,OTHER NONPROFIT OWNERSHIP,83,6,0,77,0,0,0,0,,,,,83,,Provider Has Deemed Status,,0,0,77,0,0,0,,,,,,,,,,,,,,,,N,N,,,0
488,GILLETTE CHILDREN'S SPEC HOSP,200 UNIVERSITY AVENUE EAST,ST. PAUL,MN,55101,62,RAMSEY,651-578-5611,651-229-3844,BARBARA JOERS,NONPROFIT CORPORATION,60,0,0,0,0,0,0,0,,,,,60,,Provider Has Deemed Status,,0,0,0,0,0,0,,,,,,,,,,,,,,,,N,N,,,0
473,GLACIAL RIDGE HOSPITAL,10 4TH AVENUE SE,GLENWOOD,MN,56334,61,POPE,320-634-4521,320-634-2269,KIRK STENSRUD,HOSPITAL DISTRICT OR AUTHORITY,34,4,0,0,0,0,0,0,,,,,0,Medicare Certified Critical Access Hospital,,Medicare Certified Swing Bed,0,0,0,0,0,0,,,,,,,,,,,,,,,,N,N,,,0
351,GLENCOE REGIONAL HEALTH SVC,1805 HENNEPIN AVENUE NORTH,GLENCOE,MN,55336,43,MCLEOD,320-864-3121,320-864-7886,MS. JULIE SCHMIDT,NONPROFIT CORPORATION,49,8,0,108,0,0,0,0,,,,,0,Medicare Certified Critical Access Hospital,,Medicare Certified Swing Bed,0,0,108,0,0,0,,,,,,,,,,,,,,,,N,N,,,0
297,GRAND ITASCA CLINIC & HOSP,1601 GOLF COURSE ROAD,GRAND RAPIDS,MN,55744,31,ITASCA,218-326-3401,218-999-1461,MR. JEAN MAC DONELL,NONPROFIT CORPORATION,64,10,0,0,0,0,0,0,,,,,64,,Provider Has Deemed Status,,0,0,0,0,0,0,,,,,,,,,,,,,,,,N,N,,,0
340,HENDRICKS COMMUNITY HOSPITAL,503 EAST LINCOLN STREET,HENDRICKS,MN,56136,41,LINCOLN,507-275-3134,507-275-2242,MR. JEFFREY GOLLAHER,NONPROFIT CORPORATION,24,0,0,48,0,0,0,0,,,,,0,Medicare Certified Critical Access Hospital,,Medicare Certified Swing Bed,0,0,48,0,0,0,,,,,,,,,,,,,,,,N,N,,,0
211,HENNEPIN COUNTY MEDICAL CTR,701 PARK AVENUE,MINNEAPOLIS,MN,55415,27,HENNEPIN,612-873-6422,612-873-1985,MR. ANTHONY CAMPISI,COUNTY,894,65,0,0,0,0,0,0,,,,,765,,Provider Has Deemed Status,,0,0,0,0,0,0,,,,,,,Prospective Payment System Psychiatric,Prospective Payment System Rehabilitation,,,,,,,,N,N,,,0
350,HUTCHINSON HEALTH,1095 HIGHWAY 15 SOUTH,HUTCHINSON,MN,55350,43,MCLEOD,320-234-5000,952-883-3088,JIM LYONS,NONPROFIT CORPORATION,66,6,0,0,0,0,0,0,,,,,54,,Provider Has Deemed Status,,0,0,0,0,0,0,,,,,,,,,,,,,,,,N,N,,,0
326,JOHNSON MEMORIAL HOSP & HOME,1282 WALNUT STREET,DAWSON,MN,56232,37,LAC QUI PARLE,320-769-4323,320-769-2972,MS. STACEY LEE,HOSPITAL DISTRICT OR AUTHORITY,15,2,0,0,0,0,0,0,,,,,0,Medicare Certified Critical Access Hospital,,Medicare Certified Swing Bed,0,0,0,0,0,0,,,,,,,,,,,,,,,,N,N,,,0
321,KITTSON MEMORIAL HOSPITAL,1010 SOUTH BIRCH AVENUE,HALLOCK,MN,56728,35,KITTSON,218-843-3612,218-843-2311,MS. GABRIEL MOONEY,NONPROFIT CORPORATION,15,0,0,60,0,0,0,0,,,,,0,Medicare Certified Critical Access Hospital,,Medicare Certified Swing Bed,0,0,60,0,0,0,,,,,,,,,,,,,,,,N,N,,,0
437,LAKE REGION HEALTHCARE CORP,712 CASCADE STREET SOUTH,FERGUS FALLS,MN,56537,56,OTTER TAIL,218-736-8191,218-736-8765,KENT MATTSON,NONPROFIT CORPORATION,108,10,0,0,0,0,0,0,,,,,80,,Provider Has Deemed Status,,0,0,0,0,0,0,,,,,,,Prospective Payment System Psychiatric,,,,,,,,,N,N,,,0
331,LAKE VIEW MEMORIAL HOSPITAL,325 11TH AVENUE,TWO HARBORS,MN,55616,38,LAKE,218-834-7300,218-834-7388,MR. GRET RUBERG,NONPROFIT CORPORATION,25,1,0,0,0,0,0,0,,,,,0,Medicare Certified Critical Access Hospital,,Medicare Certified Swing Bed,0,0,0,0,0,0,,,,,,,,,,,,,,,,N,N,,,0
689,LAKEVIEW MEMORIAL HOSPITAL,927 WEST CHURCHILL STREET,STILLWATER,MN,55082,82,WASHINGTON,651-430-4509,651-430-4512,BRANDI LUNNEBERG,NONPROFIT CORPORATION,97,15,0,0,0,0,0,0,,,,,97,,Provider Has Deemed Status,,0,0,0,0,0,0,,,,,,,,,,,,,,,,N,N,,,0
333,LAKEWOOD HEALTH CENTER,600 MAIN AVENUE SOUTH,BAUDETTE,MN,56623,39,LAKE OF THE WOODS,218-634-2120,218-634-3416,JEFFRY STAMPOHAR,NONPROFIT CORPORATION,15,0,0,0,0,0,0,0,,,,,0,Medicare Certified Critical Access Hospital,,Medicare Certified Swing Bed,0,0,0,0,0,0,,,,,,,,,,,,,,,,N,N,,,0
24633,LAKEWOOD HEALTH SYSTEM,49725 COUNTY ROAD 83,STAPLES,MN,56479,77,TODD,218-894-1515,218-894-8355,MR. TIM RICE,NONPROFIT CORPORATION,37,8,0,0,0,0,0,0,,,,,0,Medicare Certified Critical Access Hospital,,Medicare Certified Swing Bed,0,0,0,0,0,0,,,,,,,Prospective Payment System Psychiatric,,,,,,,,,N,N,,,0
579,LIFECARE MEDICAL CENTER,715 DELMORE DRIVE,ROSEAU,MN,56751,68,ROSEAU,218-463-2500,218-463-1266,MS. SHANNON CARLSON,NONPROFIT CORPORATION,25,7,0,50,0,0,0,0,,,,,0,Medicare Certified Critical Access Hospital,Provider Has Deemed Status,Medicare Certified Swing Bed,0,0,50,0,0,0,,,,,,,,,,,,,,,,N,N,,,0
6,M HEALTFAIRVIEW LAKES MEDICAL,5200 FAIRVIEW BOULEVARD,WYOMING,MN,55092,13,CHISAGO,763-389-6481,651-982-7110,JEOFF WILL,NONPROFIT CORPORATION,61,12,0,0,0,0,0,0,,,,,61,,Provider Has Deemed Status,,0,0,0,0,0,0,,,,,,,,,,,,,,,,N,N,,,0
976,M HEALTH FAIRVIEW BETHESDA,45 10TH STREET WEST 4TH FLOOR,ST. PAUL,MN,55102,62,RAMSEY,952-892-2101,651-232-3518,JEOFF WILL,NONPROFIT CORPORATION,254,0,0,0,0,0,0,0,,,,,254,,Provider Has Deemed Status,,0,0,0,0,0,0,,,,,,,,,,,,,,,,N,N,,,0
4278,M HEALTH FAIRVIEW WOODWINDS,1925 WOODWINDS DRIVE,WOODBURY,MN,55125,82,WASHINGTON,952-892-2101,651-232-6888,. JEOFF WILL,NONPROFIT CORPORATION,86,28,0,0,0,0,0,0,,,,,86,,Provider Has Deemed Status,,0,0,0,0,0,0,,,,,,,,,,,,,,,,N,N,,,0
408,M HEALTH FAIRVIEW NORTHLAND,911 NORTHLAND DRIVE,PRINCETON,MN,55371,71,SHERBURNE,763-389-6481,763-389-6306,JOEFF WILL,NONPROFIT CORPORATION,54,10,0,0,0,0,0,0,,,,,54,,Provider Has Deemed Status,,0,0,0,0,0,0,,,,,,,,,,,,,,,,N,N,,,0
107,M HEALTH FAIRVIEW RIDGES,201 EAST NICOLLET BOULEVARD,BURNSVILLE,MN,55337,19,DAKOTA,952-892-2101,952-892-2107,JEOFF WILL,NONPROFIT CORPORATION,150,48,0,0,0,0,0,0,,,,,150,,Provider Has Deemed Status,,0,0,0,0,0,0,,,,,,,,,,,,,,,,N,N,,,0
201,M HEALTH FAIRVIEW SOUTHDALE,6401 FRANCE AVENUE SOUTH,EDINA,MN,55435,27,HENNEPIN,952-892-2101,952-924-5382,JEOFF WILL,NONPROFIT CORPORATION,390,45,0,0,0,0,0,0,,,,,390,,Provider Has Deemed Status,,0,0,0,0,0,0,,,,,,,,,,,,,,,,N,N,,,0
224,M HEALTH FAIRVIEW ST. JOHNS,1575 BEAM AVENUE,MAPLEWOOD,MN,55109,62,RAMSEY,952-892-2101,651-232-7240,JEOFF WILL,NONPROFIT CORPORATION,184,50,0,0,0,0,0,0,,,,,184,,Provider Has Deemed Status,,0,0,0,0,0,0,,,,,,,,,,,,,,,,N,N,,,0
200,M HEALTH FAIRVIEW UNIVERSITY,2450 RIVERSIDE AVENUE SOUTH,MINNEAPOLIS,MN,55454,27,HENNEPIN,612-624-1765,612-273-4054,MS. CAROLYN WILSON,NONPROFIT CORPORATION,1700,168,0,0,0,0,0,0,,,,,1489,,Provider Has Deemed Status,,0,0,0,0,0,0,,,,,,,Prospective Payment System Psychiatric,Prospective Payment System Rehabilitation,,,,,,,,N,N,,,0
696,MADELIA HEALTH,121 DREW AVENUE SE,MADELIA,MN,56062,83,WATONWAN,507-642-3255,507-642-8516,MS. CANDACE FENSKE,NONPROFIT CORPORATION,25,2,0,0,0,0,0,0,,,,,0,Medicare Certified Critical Access Hospital,Provider Has Deemed Status,Medicare Certified Swing Bed,0,0,0,0,0,0,,,,,,,,,,,,,,,,N,N,,,0
328,MADISON HOSPITAL,820 3RD AVENUE,MADISON,MN,56256,37,LAC QUI PARLE,320-598-7536,320-598-3470,MR. ERIK BJERKE,NONPROFIT CORPORATION,12,2,0,0,0,0,0,0,,,,,0,Medicare Certified Critical Access Hospital,,Medicare Certified Swing Bed,0,0,0,0,0,0,,,,,,,,,,,,,,,,N,N,,,0
353,MAHNOMEN HEALTH CENTER,414 WEST JEFFERSON AVENUE,MAHNOMEN,MN,56557,44,MAHNOMEN,218-935-2511,218-935-2370,MR. DALE KRUGER,CITY-COUNTY,18,0,0,32,0,0,0,0,,,,,0,Medicare Certified Critical Access Hospital,,Medicare Certified Swing Bed,0,0,32,0,0,0,,,,,,,,,,,,,,,,N,N,,,0
25593,MAPLE GROVE HOSPITAL,9875 HOSPITAL DRIVE,MAPLE GROVE,MN,55369,27,HENNEPIN,763-581-1550,763-581-1555,ANDY COCHRANE,NONPROFIT CORPORATION,130,104,0,0,0,0,0,0,,,,,130,,Provider Has Deemed Status,,0,0,0,0,0,0,,,,,,,,,,,,,,,,N,N,,,0
140,MAYO CLINIC HEALTH SYS CF,32021 COUNTY 24 BOULEVARD,CANNON FALLS,MN,55009,25,GOODHUE,507-263-6000,507-263-9640,MR. WILLIAM PRIEST,NONPROFIT CORPORATION,15,0,0,0,0,0,0,0,,,,,0,Medicare Certified Critical Access Hospital,Provider Has Deemed Status,Medicare Certified Swing Bed,0,0,0,0,0,0,,,,,,,,,,,,,,,,N,N,,,0
33,MAYO CLINIC HEALTH SYS MANKATO,1025 MARSH STREET,MANKATO,MN,56001,7,BLUE EARTH,507-594-2646,507-594-2908,TERRY BRANDT,NONPROFIT CORPORATION,272,26,0,0,0,0,0,0,,,,,272,,Provider Has Deemed Status,,0,0,0,0,0,0,,,,,,,,,,,,,,,,N,N,,,0
21423,MAYO CLINIC HEALTH SYS RED WIN,701 HEWITT BOULEVARD,RED WING,MN,55066,25,GOODHUE,651-267-5000,651-267-5935,CHRISTOPHER GULDEN,NONPROFIT CORPORATION,50,7,0,0,0,0,0,0,,,,,50,,Provider Has Deemed Status,,0,0,0,0,0,0,,,,,,,,,,,,,,,,N,N,,,0
698,MAYO CLINIC HEALTH SYS ST JAME,1101 MOULTON & PARSONS DRIVE,ST. JAMES,MN,56081,83,WATONWAN,507-375-8601,507-375-8605,MR. SCOTT THORESON,NONPROFIT CORPORATION,25,6,0,0,0,0,0,0,,,,,0,Medicare Certified Critical Access Hospital,Provider Has Deemed Status,Medicare Certified Swing Bed,0,0,0,0,0,0,,,,,,,,,,,,,,,,N,N,,,0
908,MAYO CLINIC HEALTH SYS WASECA,501 NORTH STATE STREET,WASECA,MN,56093,81,WASECA,507-835-1210,507-781-8945,MACKENZIE MILLER,NONPROFIT CORPORATION,35,0,0,0,0,0,0,0,,,,,0,Medicare Certified Critical Access Hospital,Provider Has Deemed Status,Medicare Certified Swing Bed,0,0,0,0,0,0,,,,,,,,,,,,,,,,N,N,,,0
20693,MAYO CLINIC HEALTH SYSTEM,500 WEST GRANT STREET,LAKE CITY,MN,55041,25,GOODHUE,651-345-5955,651-345-1182,MR. WILLIAM PRIEST,NONPROFIT CORPORATION,18,0,0,0,0,0,0,0,,,,,0,Medicare Certified Critical Access Hospital,Provider Has Deemed Status,Medicare Certified Swing Bed,0,0,0,0,0,0,,,,,,,,,,,,,,,,N,N,,,0
359,MAYO CLINIC HEALTH SYSTEM,800 MEDICAL CENTER DRIVE,FAIRMONT,MN,56031,46,MARTIN,507-238-5070,507-238-8686,MS. AMY LONG,NONPROFIT CORPORATION,57,16,0,0,0,0,0,0,,,,,57,,Provider Has Deemed Status,Medicare Certified Swing Bed,0,0,0,0,0,0,,,,,,,,,,,,,,,,N,N,,,0
920,MAYO CLINIC HEALTH SYSTEM SE,404 WEST FOUNTAIN STREET,ALBERT LEA,MN,56007,24,FREEBORN,507-377-6490,507-377-6383,KRISTIN JOHNSON,NONPROFIT CORPORATION,159,22,0,0,0,0,0,0,,,,,143,,Provider Has Deemed Status,,0,0,0,0,0,0,,,,,,,,,,,,,,,,N,N,,,0
428,MAYO CLINIC HOSPITAL ROCHESTER,1216 2ND STREET SW,ROCHESTER,MN,55902,55,OLMSTED,507-255-1991,507-255-3125,MR. FRANKLIN ACKERMAN,NONPROFIT CORPORATION,2059,89,0,0,0,0,0,0,,,,,1915,,Provider Has Deemed Status,,0,0,0,0,0,0,,,,,,,Prospective Payment System Psychiatric,Prospective Payment System Rehabilitation,,,,,,,,N,N,,,0
607,MCHS NEW PRAGUE,301 2ND STREET NE,NEW PRAGUE,MN,56071,70,SCOTT,952-758-4431,952-758-2166,MACKENZIE MILLER,NONPROFIT CORPORATION,49,6,0,0,0,0,0,0,,,,,0,Medicare Certified Critical Access Hospital,Provider Has Deemed Status,Medicare Certified Swing Bed,0,0,0,0,0,0,,,,,,,,,,,,,,,,N,N,,,0
370,MEEKER MEMORIAL HOSPITAL,612 SOUTH SIBLEY AVENUE,LITCHFIELD,MN,55355,47,MEEKER,320-693-4508,320-693-4567,KURT WALDBILLIG,COUNTY,35,4,0,0,0,0,0,0,,,,,0,Medicare Certified Critical Access Hospital,,Medicare Certified Swing Bed,0,0,0,0,0,0,,,,,,,,,,,,,,,,N,N,,,0
9,MERCY HOSPITAL,4050 COON RAPIDS BOULEVARD,COON RAPIDS,MN,55433,2,ANOKA,763-236-8100,763-236-8124,MS. SARA CRIGER,NONPROFIT CORPORATION,546,27,0,0,0,0,0,0,,,,,531,,Provider Has Deemed Status,,0,0,0,0,0,0,,,,,,,Prospective Payment System Psychiatric,,,,,,,,,N,N,,,0
374,MILLE LACS HEALTH SYSTEM,200 NORTH ELM STREET,ONAMIA,MN,56359,48,MILLE LACS,320-532-3154,320-532-2889,MS. STEVE FRITZKE,NONPROFIT CORPORATION,28,3,0,57,0,0,0,0,,,,,0,Medicare Certified Critical Access Hospital,,Medicare Certified Swing Bed,0,0,57,0,0,0,,,,,,,Prospective Payment System Psychiatric,,,,,,,,,N,N,,,0
397,MURRAY COUNTY MEM HOSP,2042 JUNIPER AVENUE,SLAYTON,MN,56172,51,MURRAY,507-836-6111,507-836-6700,MR. MICHAEL LADEVICH,COUNTY,25,2,0,0,0,0,0,0,,,,,0,Medicare Certified Critical Access Hospital,,Medicare Certified Swing Bed,0,0,0,0,0,0,,,,,,,,,,,,,,,,N,N,,,0
839,NEW ULM MEDICAL CENTER,1324 5TH STREET NORTH,NEW ULM,MN,56073,8,BROWN,507-217-5000,507-217-5575,MR. TOBY FREIER,NONPROFIT CORPORATION,62,10,0,0,0,0,0,0,,,,,0,Medicare Certified Critical Access Hospital,Provider Has Deemed Status,,0,0,0,0,0,0,,,,,,,Prospective Payment System Psychiatric,,,,,,,,,N,N,,,0
240,NORTH MEMORIAL HEALTH,3300 OAKDALE AVENUE NORTH,ROBBINSDALE,MN,55422,27,HENNEPIN,763-520-5200,763-581-4665,ANDY COCHRANE,NONPROFIT CORPORATION,518,42,0,0,0,0,0,0,,,,,474,,Provider Has Deemed Status,,0,0,0,0,0,0,,,,,,,Prospective Payment System Psychiatric,Prospective Payment System Rehabilitation,,,,,,,,N,N,,,0
80,NORTH SHORE HEALTH,515 5TH AVENUE WEST,GRAND MARAIS,MN,55604,16,COOK,218-387-3040,218-387-3289,MS. KIMBER WRAALSTAD,HOSPITAL DISTRICT OR AUTHORITY,16,0,0,37,0,0,0,0,,,,,0,Medicare Certified Critical Access Hospital,,Medicare Certified Swing Bed,0,0,37,0,0,0,,,,,,,,,,,,,,,,N,N,,,0
871,NORTH VALLEY HEALTH CENTER,300 WEST GOOD SAMARITAN DRIVE,WARREN,MN,56762,45,MARSHALL,218-745-4211,218-745-4215,JON LINNELL,NONPROFIT CORPORATION,12,0,0,0,0,0,0,0,,,,,0,Medicare Certified Critical Access Hospital,,Medicare Certified Swing Bed,0,0,0,0,0,0,,,,,,,,,,,,,,,,N,N,,,0
566,NORTHFIELD CITY HOSPITAL & NSG,2000 NORTH AVENUE,NORTHFIELD,MN,55057,19,DAKOTA,507-646-1002,507-646-1392,MS. TAMMY HAYES,CITY,37,12,0,40,0,0,0,0,,,,,37,,,Medicare Certified Swing Bed,0,0,40,0,0,0,,,,,,,,,,,,,,,,N,N,,,0
558,OLIVIA HOSPITAL & CLINIC,100 HEALTHY WAY,OLIVIA,MN,56277,65,RENVILLE,320-523-1261,320-523-3458,NATHAN BLAD,NONPROFIT CORPORATION,16,3,0,0,0,0,0,0,,,,,0,Medicare Certified Critical Access Hospital,,Medicare Certified Swing Bed,0,0,0,0,0,0,,,,,,,,,,,,,,,,N,N,,,0
422,OLMSTED MEDICAL CENTER,1650 4TH STREET SE,ROCHESTER,MN,55904,55,OLMSTED,507-287-2761,507-287-2779,TIM WEIR,NONPROFIT CORPORATION,61,28,0,0,0,0,0,0,,,,,61,,Provider Has Deemed Status,,0,0,0,0,0,0,,,,,,,,,,,,,,,,N,N,,,0
29,ORTONVILLE MUNICIPAL HOSPITAL,450 EASTVOLD AVENUE,ORTONVILLE,MN,56278,6,BIG STONE,320-839-2502,320-839-4277,MR. DAVID ROGERS,CITY,25,4,0,0,0,0,0,0,,,,,0,Medicare Certified Critical Access Hospital,,Medicare Certified Swing Bed,0,0,0,0,0,0,,,,,,,,,,,,,,,,N,N,,,0
986,OWATONNA HOSPITAL,2250 26TH STREET NW,OWATONNA,MN,55060,74,STEELE,507-977-2337,507-977-2335,MICHAEL JOHNSTON,NONPROFIT CORPORATION,43,16,0,0,0,0,0,0,,,,,32,,Provider Has Deemed Status,,0,0,0,0,0,0,,,,,,,Prospective Payment System Psychiatric,,,,,,,,,N,N,,,0
230,PARK NICOLLET METHODIST HOSP,6500 EXCELSIOR BLVD PO BOX 650,ST. LOUIS PARK,MN,554264702,27,HENNEPIN,952-993-5000,952-993-5936,JENNIFER MYSTER,NONPROFIT CORPORATION,426,50,0,0,0,0,0,0,,,,,426,,Provider Has Deemed Status,,0,0,0,0,0,0,,,,,,,,,,,,,,,,N,N,,,0
28377,PERHAM HEALTH,1000 CONEY STREET WEST,PERHAM,MN,56573,56,OTTER TAIL,218-347-4500,218-347-1650,MR. CHUCK HOFIUS,HOSPITAL DISTRICT OR AUTHORITY,25,4,0,0,0,0,0,0,,,,,0,Medicare Certified Critical Access Hospital,Provider Has Deemed Status,Medicare Certified Swing Bed,0,0,0,0,0,0,,,,,,,,,,,,,,,,N,N,,,0
456,PIPESTONE COUNTY MEDICAL CTR,916 4TH AVENUE SW,PIPESTONE,MN,56164,59,PIPESTONE,507-825-5811,507-825-5733,BRADLEY BURRIS,COUNTY,44,7,0,0,0,0,0,0,,,,,0,Medicare Certified Critical Access Hospital,,Medicare Certified Swing Bed,0,0,0,0,0,0,,,,,,,,,,,,,,,,N,N,,,0
154,PRAIRIE RIDGE HOSP HLTH SERV,1411 HIGHWAY 79 EAST,ELBOW LAKE,MN,56531,26,GRANT,218-685-7300,320-685-7296,MR. DANIELLE LESMEISTER,NONPROFIT CORPORATION,10,2,0,0,0,0,0,0,,,,,0,Medicare Certified Critical Access Hospital,,Medicare Certified Swing Bed,0,0,0,0,0,0,,,,,,,,,,,,,,,,N,N,,,0
323,RAINY LAKE MEDICAL CENTER,1400 HIGHWAY 71,INTERNATIONAL FALLS,MN,56649,36,KOOCHICHING,218-283-4481,218-283-2281,MR. ROBERT PASTOR II,NONPROFIT CORPORATION,25,5,0,0,0,0,0,0,,,,,0,Medicare Certified Critical Access Hospital,,Medicare Certified Swing Bed,0,0,0,0,0,0,,,,,,,,,,,,,,,,N,N,,,0
158,REGENCY HOSPITAL OF MPLS LLC,1300 HIDDEN LAKES PARKWAY,GOLDEN VALLEY,MN,55422,27,HENNEPIN,763-302-0301,763-521-3805,SEAN STRICKER,LIMITED LIABILITY COMPANY,92,0,0,0,0,0,0,0,,,,,92,,Provider Has Deemed Status,,0,0,0,0,0,0,,,,,,,,,,,,,,,,N,N,,,0
30086,REGINA HOSPITAL,1175 NININGER ROAD,HASTINGS,MN,55033,19,DAKOTA,651-404-1000,651-404-1460,HELEN STRIKE,NONPROFIT CORPORATION,57,12,0,0,0,0,0,0,,,,,37,,Provider Has Deemed Status,,0,0,0,0,0,0,,,,,,,Prospective Payment System Psychiatric,,,,,,,,,N,N,,,0
527,REGIONS HOSPITAL,640 JACKSON STREET,ST. PAUL,MN,55101,62,RAMSEY,651-254-1616,651-254-2194,MEGAN REMARK,NONPROFIT CORPORATION,554,26,0,0,0,0,0,0,,,,,473,,Provider Has Deemed Status,,0,0,0,0,0,0,,,,,,,Prospective Payment System Psychiatric,Prospective Payment System Rehabilitation,,,,,,,,N,N,,,0
336,RIDGEVIEW LESUEUR LTC&REHAB CT,621 SOUTH 4TH STREET,LE SUEUR,MN,56058,40,LESUEUR,507-665-3375,507-665-2191,STACY LEE,NONPROFIT CORPORATION,15,0,0,50,0,0,0,0,,,,,0,Medicare Certified Critical Access Hospital,,Medicare Certified Swing Bed,0,0,50,0,0,0,,,,,,,,,,,,,,,,N,N,,,0
55,RIDGEVIEW MEDICAL CENTER,500 SOUTH MAPLE STREET,WACONIA,MN,55387,10,CARVER,952-442-2191,952-442-6543,MICHAEL PHELPS,NONPROFIT CORPORATION,109,20,0,0,0,0,0,0,,,,,109,,Provider Has Deemed Status,,0,0,0,0,0,0,,,,,,,,,,,,,,,,N,N,,,0
618,RIDGEVIEW SIBLEY MEDICAL CTR,601 WEST CHANDLER,ARLINGTON,MN,55307,72,SIBLEY,507-964-8415,952-442-6543,MIKE PHELPS,NONPROFIT CORPORATION,20,0,0,0,0,0,0,0,,,,,0,Medicare Certified Critical Access Hospital,Provider Has Deemed Status,Medicare Certified Swing Bed,0,0,0,0,0,0,,,,,,,,,,,,,,,,N,N,,,0
23299,RIVERS EDGE HOSPITAL & CLINIC,1900 NORTH SUNRISE DRIVE,ST. PETER,MN,56082,52,NICOLLET,507-934-8450,507-934-7651,PAULA MESKAN,CITY,25,0,0,0,0,0,0,0,,,,,0,Medicare Certified Critical Access Hospital,Provider Has Deemed Status,Medicare Certified Swing Bed,0,0,0,0,0,0,,,,,,,,,,,,,,,,N,N,,,0
470,RIVERVIEW HOSPITAL & NSG HOME,323 SOUTH MINNESOTA STREET,CROOKSTON,MN,56716,60,POLK,218-281-9200,218-585-7322,MS KELLY BEISWENGER,NONPROFIT CORPORATION,49,10,0,24,0,0,0,0,,,,,0,Medicare Certified Critical Access Hospital,Provider Has Deemed Status,Medicare Certified Swing Bed,0,0,24,0,0,0,,,,,,,,,,,,,,,,N,N,,,0
21927,RIVERWOOD HEALTHCARE CENTER,200 BUNKER HILL DRIVE,AITKIN,MN,56431,1,AITKIN,218-927-5501,218-927-5575,TODD SANDBERG,NONPROFIT CORPORATION,25,6,0,0,0,0,0,0,,,,,0,Medicare Certified Critical Access Hospital,Provider Has Deemed Status,Medicare Certified Swing Bed,0,0,0,0,0,0,,,,,,,,,,,,,,,,N,N,,,0
76,SANFORD BAGLEY MEDICAL CENTER,203 4TH STREET NW,BAGLEY,MN,56621,15,CLEARWATER,218-694-6501,218-694-3528,STEPHANIE MCKNIGHT,NONPROFIT CORPORATION,25,4,0,0,0,0,0,0,,,,,0,Medicare Certified Critical Access Hospital,,Medicare Certified Swing Bed,0,0,0,0,0,0,,,,,,,,,,,,,,,,N,N,,,0
821,SANFORD BEMIDJI MEDICAL CENTER,1300 ANNE STREET NW,BEMIDJI,MN,56601,4,BELTRAMI,218-751-5430,218-333-5880,DR. BONNIE BAILEY INTERIM,NONPROFIT CORPORATION,118,12,0,0,0,0,0,0,,,,,106,,Provider Has Deemed Status,,0,0,0,0,0,0,,,,,,,,Prospective Payment System Rehabilitation,,,,,,,,N,N,,,0
722,SANFORD CANBY MEDICAL CENTER,112 ST. OLAF AVENUE SOUTH,CANBY,MN,56220,87,YELLOW MEDICINE,507-223-7277,507-223-5877,MR. JASON ANDERSON,NONPROFIT CORPORATION,25,2,0,53,0,0,0,0,,,,,0,Medicare Certified Critical Access Hospital,,Medicare Certified Swing Bed,0,0,53,0,0,0,,,,,,,,,,,,,,,,N,N,,,0
305,SANFORD JACKSON MEDICAL CENTER,1430 NORTH HIGHWAY,JACKSON,MN,56143,32,JACKSON,507-847-2420,507-847-3728,MS. DAWN SCHNELL,NONPROFIT CORPORATION,20,0,0,0,0,0,0,0,,,,,0,Medicare Certified Critical Access Hospital,,Medicare Certified Swing Bed,0,0,0,0,0,0,,,,,,,,,,,,,,,,N,N,,,0
574,SANFORD LUVERNE MEDICAL CENTER,1600 NORTH KNISS AVENUE,LUVERNE,MN,56156,67,ROCK,507-283-2321,507-283-2091,MS. TAMMY LOOSBROCK,NONPROFIT CORPORATION,28,5,0,0,0,0,0,0,,,,,0,Medicare Certified Critical Access Hospital,,Medicare Certified Swing Bed,0,0,0,0,0,0,,,,,,,,,,,,,,,,N,N,,,0
24712,SANFORD MED CTR THIEF RVR FALL,3001 SANFORD PARKWAY,THIEF RIVER FALLS,MN,56701,57,PENNINGTON,218-681-4240,218-683-4507,MR. BRIAN CARLSON,NONPROFIT CORPORATION,26,10,0,0,0,0,0,0,,,,,0,Medicare Certified Critical Access Hospital,,Medicare Certified Swing Bed,0,0,0,0,0,0,,,,,,,,,,,,,,,,N,N,,,0
670,SANFORD MEDICAL CENTER WHEATON,401 12TH STREET NORTH,WHEATON,MN,56296,78,TRAVERSE,320-563-8226,320-563-8012,MS. JOANN FOLTZ,NONPROFIT CORPORATION,25,4,0,0,0,0,0,0,,,,,0,Medicare Certified Critical Access Hospital,,Medicare Certified Swing Bed,0,0,0,0,0,0,,,,,,,,,,,,,,,,N,N,,,0
344,SANFORD TRACY MEDICAL CENTER,251 5TH STREET EAST,TRACY,MN,56175,42,LYON,507-629-8400,507-629-8486,MS. STACY BARSTAD,NONPROFIT CORPORATION,25,0,0,0,0,0,0,0,,,,,0,Medicare Certified Critical Access Hospital,,Medicare Certified Swing Bed,0,0,0,0,0,0,,,,,,,,,,,,,,,,N,N,,,0
83,SANFORD WESTBROOK HOSPITAL,920 BELL AVENUE,WESTBROOK,MN,56183,17,COTTONWOOD,507-274-1119,507-274-1111,MS. STACY BARSTAD,NONPROFIT CORPORATION,8,0,0,0,0,0,0,0,,,,,0,Medicare Certified Critical Access Hospital,,Medicare Certified Swing Bed,0,0,0,0,0,0,,,,,,,,,,,,,,,,N,N,,,0
412,SANFORD WORTHINGTON MEDICAL,1018 6TH AVENUE,WORTHINGTON,MN,56187,53,NOBLES,507-372-3110,507-372-3240,JENNIFER WEG,NONPROFIT CORPORATION,48,7,0,0,0,0,0,0,,,,,48,,,,0,0,0,0,0,0,,,,,,,,,,,,,,,,N,N,,,0
43,SLEEPY EYE MEDICAL CENTER,400 4TH AVENUE NW,SLEEPY EYE,MN,56085,8,BROWN,507-794-3571,507-794-5462,MR. KEVIN SELLHEIM,CITY,16,4,0,0,0,0,0,0,,,,,0,Medicare Certified Critical Access Hospital,,Medicare Certified Swing Bed,0,0,0,0,0,0,,,,,,,,,,,,,,,,N,N,,,0
524,ST JOSEPH'S HOSPITAL,45 10TH STREET WEST,ST. PAUL,MN,55102,62,RAMSEY,952-892-2101,651-232-3518,SUE FANGEL,NONPROFIT CORPORATION,401,0,0,0,0,0,0,0,,,,,364,,Provider Has Deemed Status,,0,0,0,0,0,0,,,,,,,Prospective Payment System Psychiatric,,,,,,,,,N,N,,,0
639,ST. CLOUD HOSPITAL,1406 6TH AVENUE NORTH,ST. CLOUD,MN,56301,73,STEARNS,320-255-5661,320-650-1777,JOY PLAMANN,NONPROFIT CORPORATION,489,50,0,0,0,0,0,0,,,,,469,,Provider Has Deemed Status,,0,0,0,0,0,0,,,,,,,,Prospective Payment System Rehabilitation,,,,,,,,N,N,,,0
675,ST. ELIZABETHS MEDICAL CENTER,1200 GRANT BOULEVARD WEST,WABASHA,MN,55981,79,WABASHA,651-565-4531,651-565-2482,MR. KRISTI PETERSEN,NONPROFIT CORPORATION,25,0,0,100,0,0,0,0,,,,,0,Medicare Certified Critical Access Hospital,,Medicare Certified Swing Bed,0,0,100,0,0,0,,,,,,,,,,,,,,,,N,N,,,0
700,ST. FRANCIS MEDICAL CENTER,2400 ST. FRANCIS DRIVE,BRECKENRIDGE,MN,56520,84,WILKIN,218-643-3000,218-643-0850,MR. DAVID NELSON,CHURCH RELATED,25,0,0,0,0,0,0,0,,,,,0,Medicare Certified Critical Access Hospital,Provider Has Deemed Status,Medicare Certified Swing Bed,0,0,0,0,0,0,,,,,,,,,,,,,,,,N,N,,,0
458,ST. FRANCIS REGIONAL MED CTR,1455 ST. FRANCIS AVENUE,SHAKOPEE,MN,55379,70,SCOTT,952-428-3000,952-428-3820,AMY JERDEE,NONPROFIT CORPORATION,93,18,0,0,0,0,0,0,,,,,93,,Provider Has Deemed Status,,0,0,0,0,0,0,,,,,,,,,,,,,,,,N,N,,,0
383,ST. GABRIEL'S HOSPITAL,815 SE 2ND STREET,LITTLE FALLS,MN,56345,49,MORRISON,320-632-5441,320-631-5680,MR. LEE BOYLES,CHURCH RELATED,49,10,0,0,0,0,0,0,,,,,0,Medicare Certified Critical Access Hospital,Provider Has Deemed Status,Medicare Certified Swing Bed,0,0,0,0,0,0,,,,,,,,,,,,,,,,N,N,,,0
287,ST. JOSEPHS AREA HLTH SERVICES,600 PLEASANT AVENUE,PARK RAPIDS,MN,56470,29,HUBBARD,218-732-3311,218-732-1368,MR. BEN KOPPELMAN,CHURCH RELATED,50,10,0,0,0,0,0,0,,,,,0,Medicare Certified Critical Access Hospital,Provider Has Deemed Status,Medicare Certified Swing Bed,0,0,0,0,0,0,,,,,,,,,,,,,,,,N,N,,,0
599,ST. LUKE'S HOSPITAL,915 EAST 1ST STREET,DULUTH,MN,55805,69,SAINT LOUIS,218-249-2449,218-249-2472,ERIC LOHN,NONPROFIT CORPORATION,267,18,0,0,0,0,0,0,,,,,248,,Provider Has Deemed Status,,0,0,0,0,0,0,,,,,,,,Prospective Payment System Rehabilitation,,,,,,,,N,N,,,0
653,STEVENS COMMUNITY MEDICAL CTR,400 EAST 1ST STREET,MORRIS,MN,56267,75,STEVENS,320-589-1313,320-589-1065,KERRIE MCEVILLY,NONPROFIT CORPORATION,49,5,0,0,0,0,0,0,,,,,0,Medicare Certified Critical Access Hospital,,Medicare Certified Swing Bed,0,0,0,0,0,0,,,,,,,,,,,,,,,,N,N,,,0
659,SWIFT COUNTY BENSON HLTH SVCS,1815 WISCONSIN AVENUE,BENSON,MN,56215,76,SWIFT,320-843-4232,320-843-1309,MS MELISSA MCGINTY-THOMPSON,HOSPITAL DISTRICT OR AUTHORITY,21,0,0,0,0,0,0,0,,,,,0,Medicare Certified Critical Access Hospital,,Medicare Certified Swing Bed,0,0,0,0,0,0,,,,,,,,,,,,,,,,N,N,,,0
680,TRI COUNTY HOSPITAL,415 JEFFERSON STREET NORTH,WADENA,MN,56482,80,WADENA,218-631-7489,218-631-7503,MR. JOEL BEISWENGER,NONPROFIT CORPORATION,49,6,0,0,0,0,0,0,,,,,25,Medicare Certified Critical Access Hospital,Provider Has Deemed Status,Medicare Certified Swing Bed,0,0,0,0,0,0,,,,,,,,,,,,,,,,N,N,,,0
525,UNITED HOSPITAL,333 NORTH SMITH AVENUE,ST. PAUL,MN,55102,62,RAMSEY,651-241-8810,651-241-5189,SARA CRIGER,NONPROFIT CORPORATION,546,40,0,0,0,0,0,0,,,,,515,,Provider Has Deemed Status,,0,0,0,0,0,0,,,,,,,Prospective Payment System Psychiatric,Prospective Payment System Rehabilitation,,,,,,,,N,N,,,0
117,UNITED HOSPITAL DISTRICT,515 SOUTH MOORE STREET,BLUE EARTH,MN,56013,22,FARIBAULT,507-526-3273,507-526-3621,MR. RICHARD ASH,NONPROFIT CORPORATION,43,4,0,0,0,0,0,0,,,,,0,Medicare Certified Critical Access Hospital,Provider Has Deemed Status,Medicare Certified Swing Bed,0,0,0,0,0,0,,,,,,,,,,,,,,,,N,N,,,0
859,UNIVERSITY MEDICAL CTR MESABI,750 EAST 34TH STREET,HIBBING,MN,55746,69,SAINT LOUIS,218-362-6730,218-362-6619,JEAN MACDONELL,NONPROFIT CORPORATION,175,16,0,0,0,0,0,0,,,,,175,,Provider Has Deemed Status,,0,0,0,0,0,0,,,,,,,,,,,,,,,,N,N,,,0
308,WELIA HEALTH,301 HIGHWAY 65 SOUTH,MORA,MN,55051,33,KANABEC,320-225-3315,320-225-3320,MR. RANDY ULSETH,NONPROFIT CORPORATION,49,8,0,0,0,0,0,0,,,,,0,Medicare Certified Critical Access Hospital,Provider Has Deemed Status,Medicare Certified Swing Bed,0,0,0,0,0,0,,,,,,,,,,,,,,,,N,N,,,0
796,WINDOM AREA HEALTH,2150 HOSPITAL DRIVE,WINDOM,MN,56101,17,COTTONWOOD,507-831-2400,507-831-5749,MS. SHELBY MEDINA,CITY,18,6,0,0,0,0,0,0,,,,,0,Medicare Certified Critical Access Hospital,,Medicare Certified Swing Bed,0,0,0,0,0,0,,,,,,,,,,,,,,,,N,N,,,0
701,WINONA HEALTH SERVICES,855 MANKATO AVENUE,WINONA,MN,55987,85,WINONA,507-454-3650,507-457-4159,RACHELLE SCHULTZ,NONPROFIT CORPORATION,49,8,0,0,0,0,0,0,,,,,49,,,Medicare Certified Swing Bed,0,0,0,0,0,0,,,,,,,,,,,,,,,,N,N,,,0